class,real_count,real_share,synth_predicted_count,synth_share,synth/real_ratio
Analysis,2000,0.011406,0,0.0,0.0
Backdoor,1746,0.009958,0,0.0,0.0
Worms,130,0.000741,0,0.0,0.0
Reconnaissance,10491,0.059832,26,0.000148,0.002478
DoS,12264,0.069944,646,0.003684,0.052674
Shellcode,1133,0.006462,239,0.001363,0.210944
Generic,40000,0.228127,24252,0.138313,0.6063
Exploits,33393,0.190446,42481,0.242276,1.272153
Fuzzers,18184,0.103706,24762,0.141222,1.361747
Normal,56000,0.319378,82935,0.472993,1.480982
